title,sales_company,end_user,delivery_day,user_id,content,status
小売,エイポック,㈱タジマヤ,2017/8/31,2,エイポック→ダイワボウ→㈱東計電算→㈱タジマヤ。4月に決定。,受注
医療,小林クリエイト,国立東京医療センター,2017/12/31,2,富士通経由。競合機種はOPL6845、LI4278、DS4208、DS6878。,継続
FA,日本電計　名古屋,三菱重工業㈱,2017/5/31,2,日本電計→SMFLレンタル→三菱重工。オリックス、ウェルキャット、TECと競合？,継続
医療,郷商事,トーショー,2017/12/31,2,錠剤分包機への組み込み用。競合はオムロンV400-R2-CF65　21000円。,継続
医療,郷商事,トーショー,2017/12/31,2,SL22の後継機種の提案,継続
医療,小林クリエイト,聖隷浜松病院,2017/5/31,2,富士通経由。競合機種はOPL6845。,継続
医療,小林クリエイト,慈恵大学病院,2017/12/31,2,小林クリエイト→富士通→慈恵大学病院。1300gの入れ替え案件。,継続
その他,ネット・エー,(株)ウェルファン,2017/12/31,2,ネットーエーのHP問い合わせ対応。詳細確認中（在庫管理？）,継続
その他,アイニックス,DNP,2018/3/1,2,マイナンバー対応証明写真機搭載。3310gの継続案件。,継続
医療,小林クリエイト,調布東山病院,2017/4/30,2,小林クリエイト→ソフトウェアサービス→調布東山病院。現在、KDC410、SL22も評価中。,継続
その他,NEC＆TEC,トリドール（丸亀製麺）,2017/6/30,2,丸亀製麺の店舗で携帯液晶に表示したクーポン用QR読み取り。競合はDensoQK30。NEC、TECへの動作実績がなく、開発費がかかってしまう。,継続
医療,小林クリエイト,東京大学医学部附属病院,2018/4/1,2,小林クリエイト→富士通→東京大学医学部附属病院。2D＆バイブ必須。競合の電カルメーカーは日立など。,継続
その他,大日本商事,大日本印刷奈良工場,2017/7/31,2,リピート案件。予算申請中。,継続
医療,イナホ,ファーマライズホールディングス,2017/11/30,2,競合はDensoやKeyence（機種不明）。,継続
医療,小林クリエイト,共立蒲原総合病院病院,2017/12/31,2,小林クリエイト→富士通→共立蒲原総合病院病院。,継続
その他,テクノベインズ,トヨタ自動車,2017/12/31,2,テクノベインズ→教育産業→トヨタ。販社で取り扱っているグッズの在庫管理で検討中。,継続
医療,小林クリエイト,大阪警察病院,2018/4/30,2,小林クリエイト→イードクトル→IBMのSier→大阪警察病院。,継続
医療,小林クリエイト,浜松医療センター,2017/4/30,2,小林クリエイト→NEC→浜松医療センター。NEC落札済み。,受注
医療,小林クリエイト,国立静岡医療センター,2017/9/30,2,小林クリエイト→NEC→国立静岡医療センター。NEC落札済み。,受注
医療,小林クリエイト,名古屋大学医学部附属病院,2017/12/31,2,小林クリエイト→富士通→名古屋大学医学部附属病院。富士通落札済み。,受注
医療,小林クリエイト,旭中央病院,2017/10/30,2,小林クリエイト→富士通→旭中央病院。2013年8月に1900GHD×300台をエイポック→ダイワボウ→日鉄住金プラント→国保旭中央病院に実績あり。,継続
医療,小林クリエイト,東京大学病院,2017/12/31,2,小林クリエイト→富士通→東京大学病院。サトーなど競合あり。,継続
その他,フェニックスサプライ,コメダ珈琲,2018/3/1,2,フェニックスサプライ→大日本印刷/名古屋→コメダ珈琲。コメダ珈琲店舗と工場間での飲料ボトル輸送管理システム。,継続
その他,ベスカ,不明,2017/6/30,2,自社決済端末と接続をして、スマホに表示された会員コードCODE128を読み取るシステム。,継続
医療,小林クリエイト,王子生協病院,2017/4/30,2,小林クリエイト→富士通→王子生協病院。,継続
FA,日本電計　兵庫,富士通周辺機,2017/4/30,2,,継続
物流,サトー,アマゾン,2016/7/1,3,,継続
物流,サトー,アマゾン,2016/8/2,3,,継続
物流,サトー,マルト水谷,2016/7/30,3,,継続
FA,サトー,NSK,2016/7/10,3,,継続
FA,サトー,UDトラックス,2016/7/20,3,,継続
FA,サトー,UDトラックス,2016/7/30,3,,継続
その他,サトー,日本郵政,2017/1/1,3,,継続
FA,佐鳥電機,アイシン,2016/7/30,3,,継続
その他,サトー,マルハニチロ,2016/9/1,3,,継続
FA,サトー,パロマ,2017/12/31,3,追加案件,継続
FA,サトー,東レ,2017/12/31,3,直近は10台,継続
その他,メディア九州,大阪府宅地取引業協会,2016/10/1,3,,継続
その他,ネクステップソリューションズ,GOP,2016/7/30,3,PM100からのリプレス,継続
その他,アシュリオンジャパン,アシュリオンジャパン,2016/7/30,3,,継続
FA,サトー,マツダエース,2016/8/1,3,キーエンスからの切り替え,継続
物流,サトー,アマゾン,2016/8/30,3,,継続
物流,サトー,アマゾン,2016/8/30,3,,継続
医療,サトー,ナカニシ,2017/12/31,3,,継続
FA,サトー,フジテック,2016/9/30,3,トーケン経由,継続
FA,サトー,UDトラックス,2016/8/30,3,,継続
FA,サトー,UDトラックス,2016/9/15,3,,継続
医療,サトー,サンド,2017/12/31,3,,継続
その他,サトー,JRバス関東,2016/8/20,3,,継続
FA,マーストーケンソリューション,富士重工,2016/12/10,3,,継続
FA,マーストーケンソリューション,ボストンサイエンティフィックジャパン,2016/9/30,3,客先型番指定,継続
FA,サトー,TDK,2017/3/30,3,,継続
医療,サトー,オムロンソーシャルソリューションズ,2017/3/31,3,2バイト対応要,継続
その他,アシュリオンジャパン,アシュリオンジャパン,2017/8/30,3,,継続
その他,サトー,高砂香料,2016/9/30,3,追加案件,継続
医療,サトー,KRDコーポレーション,2017/3/31,3,1活ではない,継続
FA,サトー,DENSO,2016/10/31,3,,継続
医療,マーストーケンソリューション,アークレイファクトリー,2016/12/31,3,,継続
物流,サトー,アマゾン,2016/9/30,3,,継続
小売,サトー,某紳士服店,2017/5/31,3,AZリーダが競合,継続
物流,サトー,セイコーマート,2016/11/30,3,,継続
その他,サトー,大阪府立高等学校,2016/12/9,3,入札、MS832が競合,継続
物流,サトー,鴻池運輸,2017/5/30,3,グローブセット,継続
FA,サトー,ヨドガワメック,2016/10/14,3,,継続
医療,萩原企画,スタックシステム,2017/12/31,3,元トーケンの萩原さん,継続
小売,サトー,産直センター,2016/11/10,3,分納でトータル50台,継続
FA,サトー,NSKワーナー,2017/1/20,3,追加案件,継続
小売,サトー,リオンドール,2016/11/20,3,分納で年間100台,継続
FA,メディア九州,東京エレクトロ,2017/1/1,3,,継続
小売,ニトリ,ニトリ,2017/1/30,3,新設配送センター,継続
その他,サトー,佐川印刷,2016/12/31,3,,継続
物流,サトー,アマゾン,2016/12/31,3,,継続
その他,サトー,花王,2016/12/31,3,,継続
FA,サトー,東京エレクトロ,2017/1/1,3,GT20Bからのリプレス,継続
その他,サトー,宇徳ビジネスサービス,2017/11/30,3,,継続
その他,アシュリオンジャパン,アシュリオンジャパン,2016/12/10,3,,継続
医療,サトー,新潟大学医歯学総合病院,2016/11.12,3,,継続
その他,サトー,旭有機材,2017/5/30,3,AZリーダが競合,継続
小売,ニトリ,ニトリ,2016/12/20,3,バックアップ用,継続
物流,サトー,日立物流,2016/12/12,3,追加案件,継続
その他,マーストーケンソリューション,某公共機関,2017/12/31,3,,継続
FA,サトー,富士フィルム,2017/1/20,3,,継続
その他,サトー,パナソニック,2017/2/28,3,3回分納,継続
小売,オカベマーキング,スパークル,2017/6/5,3,ユーザー希望1万円,継続
FA,DICグラフィックス,DICグラフィックス,2017/5/1,3,アプリ込み,継続
小売,ニトリ,ニトリ,2017/6/7,3,店長分,継続
その他,マーストーケンソリューション,テルモ,2017/6/8,3,,継続
医療,サトー,ニプロ医工,2017/6/9,3,,継続
その他,サトー,ソフトバンクフレームワークス,2017/3/30,3,,継続
医療,サトー,エーザイ,2017/4/30,3,,継続
医療,サトー,東京医科大学病院,2019/1/30,3,6年保証,継続
FA,サトー,パロマ,2017/12/31,3,,継続
その他,サトー,第一衛材,2017/6/14,3,ソロモンOCR付,継続
その他,アシュリオンジャパン,アシュリオンジャパン,2017/3/10,3,,継続
物流,マーストーケンソリューション,ノイカノンジャパン,2017/12/31,3,,継続
医療,協立電機,バルステック,2019/12/31,3,,継続
小売,サトー,ベルデータ,2017/12/31,3,某靴屋向け、OPN4200競合,継続
その他,サトー,アルデックス,2017/12/31,3,,継続
FA,サトー,本田技研鈴鹿工場,2017/3/30,3,,継続
物流,サトー,アマゾン,2017/3/31,3,,継続
医療,サトー,東大病院,2017/12/22,3,OPL6845のリプレス,継続
その他,アシュリオンジャパン,アシュリオンジャパン,2017/12/31,3,,継続
医療,日立ハイテク,提案中,2017/3/31,4,120～150台/月で継続　,受注
医療,日立ハイテク,提案中,2017/3/31,4,10台/月で継続,受注
医療,日立ハイテク,提案中,2017/3/31,4,Ｆ460ラストバイで終了2016/12月　後継機種Ｆ560認定へ,受注
医療,日立ハイテク,提案中,2017/3/31,4,認定ＯＫ　標準化されて　10台/月ペース,受注
医療,日立ハイテク,提案中,2017/3/31,4,5台/月で継続,受注
医療,日立ハイテク,提案中,2017/3/31,4,9月で納入済み、,受注
医療,日立ハイテク,提案中,2017/3/31,4,納入済み,受注
医療,日立ハイテク,提案中,2017/3/31,4,検討から外れたようです、マゼランが濃厚ですが、正式採用にはなっていません。,失注
FA,　デュプロ,提案中,2017/3/31,4,15台/月のペース　継続機種,受注
FA,　デュプロ,マツダ　他,2017/3/31,4,20台/隔月　　後継機種3320ｇ変更承認済み　20台/隔月　　専用ケーブル　2種,継続
医療,電装産業,ｼﾞｬﾊﾟﾝｾﾐｺﾝﾀﾞｸﾀ,2018/1/3,4,半導体製造装置用ラック読み取り,継続
医療,電装産業,A&T,2018/1/4,4,血液分析器に組み込み,継続
医療,電装産業,A&T,2018/1/5,4,mPam 血液分析装置組み込み,継続
医療,ユタカ電気,フクダ電子,2017/12/31,4,フクダ電子の心電計に採用　（専用ファームウエア）,継続
その他,ユタカ電気,富士電機,2017/3/31,4,自動販売機組み込み　50台ロット　継続,受注
物流,ユタカ電気,日立物流,2018/1/2,4,日立物流　ピッキング用,継続
物流,ユタカ電気,日立物流,2018/1/3,4,日立物流　ピッキング用,継続
物流,ユタカ電気,ｷﾘﾝ,2017/2/28,4,2台目キャノン向けは東研経由で失注しています。キリン導入済み2/17　ＰＣ込　107万,失注
物流,ユタカ電気,ファンケル化粧品,2017/5/31,4,DS7700とマゼラン3200との評価検討中、7980のデータ転送に2秒かかるバグを修正し、再度評価へ,継続
物流,ユタカ電気,JINS,2017/6/1,4,,継続
その他,ビジコム,提案中,2017/6/2,4,セドリ用途、Amzonサイトで販売,継続
物流,ビジコム,提案中,2017/6/3,4,とらや様向け 2台評価用で先行納入済み,受注
物流,ビジコム,提案中,2017/6/4,4,とらや様向け 2台評価用で先行納入済み　7980とセット　セカンダリではない,受注
その他,ビジコム,提案中,2017/12/31,4,パスポート用　OCR-B　付属,継続
小売,ビジコム,ウェルハン,2017/4/30,4,ネットーAより高めで提示、3/312機種デモ機貸し出し,継続
FA,ウェルキャット,提案中,2017/12/31,4,小口案件ばかりで、伸びなし、ホンダもサトー経由,継続
FA,ウェルキャット,提案中,2018/1/1,4,他社価格と比較して高くなってきた、そろそろ価格引き下げ,継続
FA,ウェルキャット,提案中,2018/1/2,4,利幅のある1900の方が売り易いようで、売れない。,継続
FA,ウェルキャット,提案中,2018/1/3,4,無線案件が少ない、あっても1902を売る,継続
物流,ウェルキャット,提案中,2016/8/31,4,マゼラン3200の置き換え、黄色い投光で赤いラベルが読めたので。,受注
FA,ウェルキャット,安川電気,2017/4/1,4,Stream-7のリプレース　総数300台を順次入替,受注
その他,ウェルキャット,ｼｬｰﾌﾟﾋﾞｼﾞﾈｽｼｽﾃﾑ,2017/3/1,4,OPOSのドライバーで不備、SBSがAP修正で稼働、40台3月出荷、残30台未定,受注
医療,ウェルキャット,名古屋液斉会病院,2017/6/1,4,D75eとEDA50で検討中、他社TC55あり,継続
その他,ウェルキャット,NEC経由XX社,2018/3/31,4,NEC経由でタブレットにBT接続、置台は充電だけ・・？　他のBTスキャナにすれば　1602とか,継続
FA,ウェルキャット,田中電子,2017/5/1,4,1900GHD　20台　追加20台あり。,受注
物流,ウェルキャット,安川ロジスティック,2017/3/1,4,安川電気経由、　大阪　板東様,継続
医療,ウェルキャット,都農町国民健康保険病院,2017/5/1,4,入札案件,継続
FA,ウェルキャット,ﾄｯﾊﾟﾝTDKﾚｰﾍﾞﾙ,2018/3/1,4,30Kと多いのですが、キオスクのような運用と聞いています、オカベさん情報では、みずほBK,継続
物流,ウェルキャット,大塚商会,2017/3/31,4,3月末までに納入可能との条件付きで検討したが、受注ならず,失注
FA,ウェルキャット,スズキ自動車,2017/6/1,4,Win　HHTのリクエスト、デモ機評価中　,継続
その他,ウェルキャット,相鉄イン,2017/12/31,4,,継続
その他,ウェルキャット,フジワーク,2017/4/30,4,"競合　Pana　JT-H322HT-20  2Dモデル　＠55,800円　",継続
FA,TEC,出光,2017/12/31,4,デモ機評価検討中,継続
FA,TEC,柿沼製作所,2017/12/31,4,東芝キャリア関連企業　１Dユース,継続
その他,加賀電子,富士通フロンテック,2017/12/31,4,旅館、ホテル向け自動清算機に機見込パスポートよみ画像所得,継続
その他,加賀電子,富士通フロンテック7580．7980．1900,2018/5/31,4,要素開発用に3機種購入いただく、次期POS用,継続
小売,加賀電子,リキッド,2017/5/1,4,ビジコムより仕入れ@2450円　粗利３００円　継続　MAX３０００台,継続
FA,トムラジャパン,提案中,2017/12/31,4,ペットボトル回収機　3310より変更済み,継続
その他,ﾌﾚｸｽﾄﾛﾆｸｽ,TUTAYA,2017/5/31,4,TUTAYA　セルフPOS用　リピート,継続
その他,NEC,TUTAYA,2017/12/31,4,TUTAYA向けセルフPOSバックアップ用として,継続
小売,NEC,バロックシステム,2017/12/31,4,バロックシステム向けNEC　POS,継続
FA,島津エミット,ミネベア,2017/7/1,4,2350をサンプル販売したが、読み取り距離が足りず、再検討中,継続
FA,野村マイクロサイエンス,提案中,2017/5/31,4,1台を販売、協力企業にも販売,継続
物流,ＩＢＳジャパン,日立システムズ,2017/8/31,4,DCMホールディング向け、今回はサンテレホン経由（加藤さん）に決まり進める,受注
FA,Panasonic,提案中,2017/12/31,4,Panasonic社内USE,継続
FA,Panasonic,提案中,2017/12/31,4,Panasonic社内USE,継続
小売,ソフトバンク,アルペン,2017/9/30,5,受注済み　ファイナル版を3月から4月上旬に提出。　５月はテスト用１０台程,継続
小売,NCR,アルペン,2017/9/30,5,"17/3　最終仕様決定17/4　発注予定　　5月はテスト用10台程納入予定",受注
小売,NCR,紀伊國屋書店,2017/8/31,5,"3/31　1902g黒でいく方針。4月10日頃内示予定。エンドがアルフに見積依頼をした。02、19の多段と同じバーコードを読ませたときの音違いのプラグイン必要。17/3　最終仕様決定及び1902採用決定可否判明",受注
小売,NCR,マツモトキヨシ,2018/8/31,5,3/17 4月に7台購入しテスト　問題なしの場合、10月から毎月150台前後導入予定,継続
小売,NCR,ユナイテッドアローズ,2018/12/31,5,"2月　SL42 800台で見積提出3/15　POS接続として1602gで提案とNCR担当から言われる。店舗内在庫管理用としてWiFi接続で画面付き、プログラム　を入れることができる機器の提案が必要。台数500台　バックアップとして有線LANクレードル3/24　PM200 1D+LANクレードル提案書提出",継続
小売,NCR,ユナイテッドアローズ,2018/12/31,5,,継続
小売,NCR,ユナイテッドアローズ,2018/12/31,5,,継続
小売,NCR,ラオックス,2017/12/31,5,"17/2　NCRとしては、商談の動きがあまりないが、リテールテックに招待とのこと。16/8､9でNCRにてデモ16/7　NCRに紹介　POS入換え商談。店舗数は30店舗。",継続
小売,NCR,JINS,2017/8/31,5,"3/15失注3/7デンソウェーブSE1-QBと2社競合エンドにて最終決定2/17 23500円で再提示2/1　25000円で提示1/25初回商談開始",失注
医療,アルフ,東邦ホールディングス,2017/6/30,5,17/3から第二回実証試験中,継続
小売,サンテレホン,DCMホールディングス,2017/8/31,5,"3/23　複数台(10台未満)購入を予定　サンテレホン経由2/10再見積提出3/14全体的に決定が1-2ヶ月は延びている。",継続
物流,イーエックス,ムービング,2018/2/28,5,"3/23　当初予定4月開発スタート　18年1月カットオーバーから遅延。他システムと兼ね合いの為。遅延期間エンドに確認中3/10　エンドへプロポーザル提出　NW7多段バーコード（マルイ仕様）",継続
物流,アイデアズ,シーエックスカーゴ,2017/8/31,5,"17/2　8670かKDC200+FTG17/1～2　第1回目実証実験17/5　第2回実証実験（8670及びKDC200でテスト）17/8　桶川、野田に導入予定",継続
物流,アイデアズ,シーエックスカーゴ,2017/8/31,5,2/16　お盆頃導入（3拠点ほど先ずは導入予定）を目指す。台数20×3拠点　春先にKDC200/8670で再度テスト予定,継続
小売,アイデアズ,バーニーズジャパンニューヨーク,2017/6/30,5,"3/30 エンドより予算認可承認がされ旨。連絡あり。月より値札発行業務が開始。3/16エンドにて予算審議会開催",継続
小売,アイデアズ,ココカラファイン,2017/3/23,5,"3/23　エンド上層部より他の新企画を考えろと情シスに指示があり、本件は失注。16/10　確認しているが遅延とのこと。16/7　パスポート読取商談。基本的は現在使用しているスライド方式（J＆J）のものを使用。港に近い店舗15店（各2台）を1900を入れる予定。パスポートを拡大コピーをしてくる為。",失注
小売,アイデアズ,アンテプリマ,2018/12/31,5,"16/10　Scanpal5100からPM200へ提案内容変更'16/7　エンドWMS導入し落ち着いた。ようやく検討に入る。来年度になる見込み",継続
小売,アイデアズ,エノテカ,2017/7/31,5,3/30 初回打ち合わせ。オレンジPOS(iPad）接続　屋内レジ会計用,継続
小売,アイデアズ,エノテカ,2017/7/31,5,3/30 初回打ち合わせ。二次元バーコードリーダー（免税）屋内レジ会計用,継続
小売,アイデアズ,エノテカ,2017/7/31,5,3/30 初回打ち合わせ。一次元バーコードリーダー（棚卸）店頭・バックヤードでの棚卸用、無線・小型リモコン型,継続
物流,KDDI,ヤマト運輸,2017/10/31,5,3/14　遅れに遅れている。現行サービス終了日は決まっているが、ぎりぎりまで動きがないのでは。,継続
物流,NTTドコモ,ヤマト運輸,2017/10/31,5,2/24　遅れている。エンドの動きが鈍い,継続
物流,NTTドコモ,ヤマト運輸,2017/10/31,5,,継続
その他,NTTドコモ,ビジネスプラス,2017/12/31,5,"2017/6/30に再度大きな見直しがある。スキャナ引き合いがあればスキャナを入れる。16/9/2物販開始したがバーコードスキャナは含んでいない。",継続
その他,CHS子育研究所,保育園,2017/3/31,5,3/17より納入開始(12台）　2年間で200台強販売予定,継続FA,テッチシステム,富士重工業,2018/12/31,5,3/13 エンドよりの要件定義待ち,継続
物流,テッチシステム,朝倉倉庫,2017/9/30,5,"16/11見積済み17/4　最終提案",継続
物流,京セラコミュニケーションズ,京セラコミュニケーションズ,2017/10/1,5,17/２　4月荷主向け提案,継続
FA,MIND,トヨタ自動車,2017/6/30,5,"3/9　1回目テスト完了　3/15　ソロモンOCR改良検討",継続
その他,中部,ヒルカワ金属株式会社,2017/10/31,5,3/1商談開始　（NTTドコモ商談）　建材出庫入荷システム,継続
小売,クロスプラネット,ゼビオ,2017/8/31,5,2/16　夏の新店舗で10台程テスト予定。本格導入は18年度,継続
その他,ダイドー,ダイドー,2017/9/30,5,16/12　稟議終了　4月開発機器導入6月、7月に開発完了　デバック後展開,継続
FA,IFSジャパン株式会社,武蔵野香料化学研究所,2017/7/31,5,"3/23遅延気味。遅延期間確認中　16/12/27：3月1日にカットオーバーでその時は導入済みのキーエンスハンディでいく。最終的には99exniを導入する予定。（当局の是正勧告があったので対応は必須とのこと）　16/12/7：3月末に最終提案⇒5月に稼動（ERPアプリの本稼動）",継続
小売,ユーエスエス,卑弥呼,2017/7/31,5,2/20KDC20で提案　4月に同行予定,継続
FA,神奈川トスバック,京浜発條,2017/4/30,5,"3/21 スケジュール連絡有　１）第１ステップ　①時期：２０１７年４月予定②台数：６台２）第２ステップ　①時期：２０１７年７月予定②台数：１４台　当初60台が20台で完了　3/16エンドに最終プロポーザル提出",継続
物流,KISS,DHL,2018/2/28,5,17/3　2月27日から3月6日にかけ、ヴォコレクト＋8670のトライアル　音声での導入効果検討中,継続
その他,アビット,アナザーレーン,2017/9/30,5,17/1　アリペイとWechat PaymentのQRコード読取　ベースのシステムがアナザーレーンで作成中。カスタムケーブル　初回100台,継続
小売,オリンピアディストリビューション,オリンピア,2017/5/31,5,17年3月か4月に発注。7月に稼動,受注
その他,Origami,タクシー会社,2017/12/31,5,"１７／３決済サービス「Origami pay」連携、CREPICO端末USB接続　3月接続テストが遅延",継続
小売,エスキュービズム・テクノロジー,ナルミヤインターナショナル,2016/10/31,5,"16/7/13　エンドからエンドが別ルートでオプトC40 を5000から6000円で購入した為、失注　16/7/6　デザインが良くない指摘で7,000から6000円にし競争力を持たせる。　16/7/1商談開始",失注
医療,EPARKヘルスケア,薬剤店,2017/12/31,5,"17/1　筆頭株主が変わった為、保留状態。4月以降に再度稟議　'16/9から展開予定がアプリの本部機能追加で手間がかかり遅延",継続
医療,モバイルコムネット,置き薬,2017/3/31,5,"17/3  当初はキーエンスでいくとのこと。PM251で読まないものがキーエスでは読める。但し軽減税率終了後、価格問題が問題になるため再度検討。16/12　未だスタートしていないとの連絡　16/9　スタート予定　ずれ込み16/8　賞味期限ではなく汎用（SVM）での評価御願い16/6　現場（個人宅の応接室）では読取にくい現象が出ている16/1　以前より改善されているとの事15/11　SVMでドット文字以外を読み、KNNでドット文字を読むような形が一番読みやすい結果。15/10　キーエンスより読取が落ちるが改良の余地の有無あるかとの質問。　価格的は良い。15/8　本商談スタート",失注
小売,イオンドットコム株式会社,イオン,2017/12/31,5,"17/3　最大4,000台　AsReader１Dからの切り替え商談。近々KDC470を紹介予定",継続
小売,スペース,エノテカ,2017/12/31,5,"2/10　新明和が失注　受注ベンダーはスペースは未だ把握していない。1/17 新明和が代理店として商談中。NEC,TEC,オレンジPOSが競合",失注
小売,スペース,提案中,2017/12/31,5,3/17　リテールテック　見積依頼、導入検討会社15社の商談を3月22日から開始。,継続
小売,株式会社ヴィンクス,福岡ソフトバンクホークス,2017/3/31,5,"17/3/13　SL22　2台追加17/2/17　SL22 3台追加16/12/13　SL22 220台、4連充電器　59台、シングル充電器18台納品16/7/6　初回見積16/6/14　福岡ソフトバンクホークスから問い合わせ16/6/9　ヴィンクスより問い合わせ",受注
物流,株式会社ヴィンクス,提案中,2017/12/31,5,3/15　auのアンドロイド端末での対応をできるようにした場合、大体どの程度のカスタマイズ費用か。SL42 の場合の価格,継続
小売,株式会社ヴィンクス,ケイト・スペード ジャパン,2017/8/31,5,3/9今月中に最終決定連絡有,継続
医療,ブレイン,調剤薬局,2017/12/31,5,"3/13　WinodwsタブレットPOSと新開発のプリンターの組み合わせ。1452g-２Dで提案は決定。調剤薬局以外、小売もありその場合は１D版　@11,000(税別）　スタンド付き",継続
小売,ブレイン,映画館,2017/12/31,5,"3/13　ある程度納得をしているがipodTouchのカメラでいいのではないかという問い。2/24　初回打ち合わせ　映画館でチケットのQRコードを付け、QRコードを読ませる　PA670とLS22紹介。",継続
物流,ダイドー株式会社,ダイドー,2017/8/31,5,"3/28　PM200開発用1台購入16/12/16社内稟議完了　開発用機器3月に1台購入。7月迄に開発完了　8月から順次展開",受注
医療,郷商事,タカゾノ,2018/3/1,6,"アイウェアにも同引き合い。100台：12,400円、500台：11,200円、調剤監査システムRak-Che3（ラクチェ３）リニューアル向け",継続
医療,郷商事,タカゾノ,2017/5/1,6,年50セット目標、薬剤払出機Tiara（ティアラ）向け,継続
その他,日本システム開発,日本システム開発,2017/12/31,6,マーソンのレーザー終息に伴う代品案件。,継続
物流,日本システム開発,東七,2017/10/1,6,(株)イシマル経由、競合：キーエンス W85,継続
小売,日本システム開発,セリア,2017/9/1,6,NEC経由　既存MS3200の入れ替え提案 コードレス化の案あり1452gも提案していた,継続
小売,日本システム開発,桂新堂,2017/5/1,6,菓子メーカーの直営店舗向け　競合：キーエンス,継続
医療,日本システム開発,半田市医師会健康管理センター,2017/12/31,6,時期等、詳細はまだ不明,継続
その他,日本システム開発,福岡市交通局,2017/12/31,6,Zebexユーザーの置き換え提案,継続
医療,日本システム開発,アイティーアイ,2017/12/31,6,(株)イシマル経由　GS1 AIカッコ出力のためプラグイン入り、しかし対象機がiPhone7だった・・・,継続
医療,日本システム開発,徳島県立中央病院,2018/1/1,6,"NEC経由　入札仕様はOPL-6845、特価＠8,300+保証延長2,000　6年保証",継続
医療,日本システム開発,島根大学医学部附属病院,2017/3/21,6,受注済　東芝メディカルシステムズ経由,受注
医療,日本システム開発,千葉大学医学部附属病院,2018/4/1,6,2017年度内入札、東芝メディカルシステムズ経由,失注
医療,日本システム開発,関門医療センター,2017/12/31,6,失注：NEC納入済み他社バイブ無し品の入れ替え案件だったが、入れ替えない模様。,受注
医療,日本システム開発,市立川西病院,2017/1/30,6,受注済,継続
医療,日本システム開発,国立循環器医療センター,2018/9/1,6,2011年にNEC経由で納入済、2019年に移転予定、2018年中に入札ある予定,継続
医療,日本システム開発,国立姫路医療センター,2017/7/1,6,キヤノンITSメディカル経由、競合：NEC,継続
医療,日本システム開発,国立病院機構 大阪医療センター,2017/12/1,6,富士通経由、2017年12月入札、2018年12月稼働、6年保証,継続
医療,日本システム開発,国立沖縄病院,2017/4/1,6,JBCC経由　状況確認します,継続
医療,日本システム開発,桜十字病院,2017/12/31,6,再春館製薬所グループ　全8病院,継続
医療,日本システム開発,社会医療法人大道会,2017/12/31,6,H-15A使用中ユーザー。充電端子故障多発による買い替え需要,継続
医療,日本システム開発,大阪成人病センター,2016/12/1,6,受注済、2D有線はGD-4430に。NEC経由,受注
物流,日本システム開発,PASCOエクスプレス,2017/12/31,6,失注：ソロモンOCR。読み取り評価で満足できず。敷島製パングループ　システムギアソフテック経由,失注
FA,日本システム開発,(株)日工社 大分工場,2016/8/1,6,失注：DT-W70のリプレイス案件だったが、K社W85に決定された。,失注
医療,日本システム開発,関西労災病院,2017/2/1,6,失注：NEC経由。OPL6845が型番指定で決定、電子カルテシステム自体も富士通が落札。,失注
医療,日本システム開発,スズケン,2016/9/1,6,"失注：NEC中部支社経由。競合：Bluebird(富士通)、E/U@50,000切って提示され。",失注
物流,ブレイン,住友重機械搬送システム,2017/12/31,6,防爆　単価見積もり引き合い,継続
FA,ブレイン,積水ハウス,2017/2/1,6,受注済　アンデックス社（仙台）経由,受注
物流,ブレイン,キューソー流通,2017/12/1,6,失注に近い保留、デンソー3.5インチ画面CE機(BHT-1200B-CE)を試すとのこと。,失注
FA,ブレイン,横浜ゴム,2016/6/1,6,受注：SR61TXの入れ替え。（旭硝子と間違えていました）,受注
物流,ブレイン,ホームロジスティクス,2016/9/1,6,失注：マンハッタンアソシエイツ社WMS配下、TC55への接続。競合：キーエンス、Bluebird、最終的にCASIOがHi-Sarfとの組み合わせで受注。,失注
FA,東北システムズ・サポート,竹本油脂,2017/6/1,6,昨年のモバイルEXPOから追っかけていただいている件,継続
物流,東北システムズ・サポート,フィリップス,2017/8/1,6,追加案件。　WEH6.5,継続
物流,東北システムズ・サポート,フィリップス,2016/10/1,6,受注済（計140台）　WEH6.5,受注
物流,島津エス・ディー,ホームロジスティクス,2017/9/1,6,ニトリ　関西DC　Cognex　競合：フィブイントラロジスティックス　SICKを担いている,継続
物流,島津エス・ディー,丸紅ロジスティックス,2017/4/30,6,旧アシックス物流　日立物流ソフト経由　ピッキングカート,継続
物流,島津エス・ディー,ジ―マック,2017/3/1,6,受注済　ピッキングカート向け　Finpad700iへの接続　元々Magellan1100からの置き換え,受注
物流,島津エス・ディー,摂津倉庫,2017/10/1,6,コンテック（ダイフク）経由、ニチユのフォーク端末リプレイス案件、現行LS3408ER,継続
物流,島津エス・ディー,花王ロジスティックス,2017/12/31,6,2016年10月頃を予定していたが遅延。,継続
FA,因幡電機産業,コマツ大阪工場,2016/11/1,6,失注：PLC接続テストOK、ITと現場で単価の折り合いが付かず、担当者も配置換えになり案件消滅,失注
物流,アイニックス,カトーレック,2017/12/31,6,DignoFスマートスレッド付 au E06SHリプレイス 富士通ルート,継続
小売,アイニックス,みずほ銀行,2018/1/1,6,宝くじ売り場のPOS、30000台/2年　競合：M10、Dibar、2017年内設計段階,継続
FA,アイニックス,小川香料,2017/12/1,6,e-Sol Emusen　年内予算化、導入は来年,継続
FA,アイニックス,東洋紡,2017/3/31,6,失注：岩国事業所。EX25で3m先の原反の1Dを読めないか、という件。ビニール越しでの読み取りができず断念。,失注
FA,アイニックス,フジテック,2017/12/31,6,1452g1Dを2台購入済,継続
FA,アイニックス,堅田電機,2017/12/31,6,中国工場でD6100ユーザー。OCR要望あり、D6110 CE版で提案再開,継続
医療,共和電子製作所,提案中,2017/12/31,6,年1000～3000　携帯用血液分析器向け　開発は旭光電機　クライアントは未公開　５台試作作成後評価中,継続
その他,パナソニック,提案中,2017/3/31,6,失注：オートモーティブ社　当初N5680HDで試作を50台製作後、コスト合わずN3680を再提案 DOFが要望と合わず。,失注
その他,エルモ社,提案中,2017/7/1,6,1000～3000　モバイル決裁端末向け　アリペイ,継続
小売,アヴネット,The Suits Company,2017/10/1,6,青山商事　商流：アヴネット、オカベマーキングシステム、東芝テック、アクトシステムズ　Windows10,継続
FA,スタークマインド,太洋工業,2017/12/31,6,フレキシブルコンテナパックの文字読み取り　大阪自動認識展来場社,継続
その他,トヤマデータセンター,提案中,2017/12/31,6,THIR-3000EX使用中のユーザーへ提案中,継続
その他,トヤマデータセンター,提案中,2017/3/31,6,失注：パナソニック防爆タブレットが採用されたとのこと,失注
医療,東芝テック,大阪府立急性期総合医療センター,2017/5/1,6,"NEC経由、入札案件、6年保証は+19,000円",継続
医療,佐鳥電機,大阪医師会,2017/12/31,6,オムロンソーシアルソリューションズ(滋賀・大津市)経由　競合：DS4308　本年度決裁おりず未決,継続
小売,エトロジャパン,エトロジャパン,2017/6/30,7,現在モトローラー　MC55　60台使用中、初年度40台　MAX６０台,継続
その他,東亜エレクトロニクス株式会社,調査中,2017/6/30,7,"競合あり　TC55 @\80,000-",継続
その他,共同印刷株式会社,リードジャパン,2017/12/31,7,,継続
その他,ユニエイム,エイベックス,2017/5/30,7,レンタル,継続
その他,ユニエイム,エイベックス,2017/5/30,7,レンタル,継続
医療,イエスウィキャン,確認中,2017/12/31,7,競合あり　AsReader ASX-520R　2017/4提案開始,継続
その他,シャノン,シャノン,2018/10/30,7,2017/5以降各社評価開始、2017/11以降購入予定,継続
小売,グローバルファインドネットワーク,鳥羽一番街,2017/12/30,7,,継続
その他,ジムキサービス,北海道日立システムズ,2017/12/30,7,2017年度予算計上,継続
小売,IKEAジャパン,IKEAジャパン新三郷店,2017/4/30,7,,継続
小売,IKEAジャパン,IKEAジャパン長久手店,2017/6/30,7,,継続
小売,IKEAジャパン,IKEAジャパン港北店,2017/6/30,7,,継続
物流,スタークス株式会社,物流倉庫,2017/12/30,7,随時導入、月4台ペース,継続
その他,インフォセンス,インフォセンス,2017/6/30,7,レンタル　ipod touchとセット条件　アスタリスクは高い,継続
物流,コスモグラフ,コスモグラフ,2017/4/10,7,レンタル,継続
物流,コスモグラフ,コスモグラフ,2017/4/19,7,レンタル,継続
物流,コスモグラフ,コスモグラフ,2017/10/10,7,レンタル,継続
その他,コプロシステム,コプロシステム,2017/5/15,7,レンタル,継続
その他,アセットインベントリー株式会社,アセットインベントリー株式会社,2017/7/30,7,ソフト開発,継続
その他,アセットインベントリー株式会社,アセットインベントリー株式会社,2017/7/30,7,レンタル,継続
その他,イベントレジスト,Amazon,2017/5/30,7,レンタル,継続
その他,イベントレジスト,アドビシステム,2017/10/1,7,レンタル,継続
その他,イベントレジスト,東京国際映画祭,2017/10/30,7,レンタル,継続
その他,イベントレジスト,サイボーズ,2017/11/10,7,レンタル,継続
物流,シーネットコネクトサービス,東レﾀﾞｳｺｰﾆﾝｸﾞ,2016/9/30,8,2016/9売上済み。同社の防爆エリアにて利用。,受注
物流,シーネットコネクトサービス,アストラゼネカ,2016/8/30,8,競合カシオ　IT-G500-WC26J　キーエンス　BT-W100　４台は2016／3月に受注。,継続
物流,シーネットコネクトサービス,アストラゼネカ,2017/3/31,8,競合カシオ　IT-G500-WC26J　キーエンス　BT-W100　上記４台購入後検証を兼ね評価した結果、CK3Xの画面が小さいく見づらいとの理由で追加購入見送りとなり、その後ｷｰｴﾝｽ　BT-W100への購入に切り替えられた。14台の追加注文は失注。,継続
物流,シーネットコネクトサービス,フジクラ物流,2016/8/30,8,"2016/8月売上済み。Font Kit, Japanese含む　PD41からのﾘﾌﾟﾚｰｽ案件。",継続
物流,シーネットコネクトサービス,フジクラ物流,2017/7/30,8,当初2017年1月販売予定であったが、購入延期となり6月～7月に購入予定となる。PM42に変更の可能性あり。,継続
物流,シーネットコネクトサービス,フレクトロニクス　茨城,2017/8/30,8,1月頃の予定であったが、部内予算が取れず延期状態との事。再確認後2017/8月以降の話が浮上している。,継続
物流,シーネットコネクトサービス,アシュリオン,2016/6/30,8,2016/6月売上済み,受注
物流,シーネットコネクトサービス,アシュリオン,2016/9/9,8,2016/9月売上済み,受注
物流,シーネットコネクトサービス,アシュリオン,2016/11/24,8,2016/11月売上済み,受注
物流,シーネットコネクトサービス,アシュリオン,2017/3/8,8,2017/3月売上済み,受注
物流,シーネットコネクトサービス,ノーラックス,2017/10/30,8,ノーラックス顧客のグローバルユーザー案件。現在予算稟議中。合わせてCK3も同時検討との事。,継続
物流,シーネットコネクトサービス,フジクラダイヤケーブル,2017/3/13,8,2017/3月売上済み。追加発注の打診有り。（台数確認中）,受注
物流,シーネットコネクトサービス,Fedex　関西,2017/6/30,8,PM4i老朽化に伴うﾘﾌﾟﾚｰｽにて検討,継続
物流,シーネットコネクトサービス,トーヨーカネツソリューション,2016/7/30,8,2016/7月売上済み。,受注
物流,シーネットコネクトサービス,ダイワボウ情報システム,2016/9/2,8,2016/9月売上済み。E/Uは沖電気工業。,受注
物流,シーネットコネクトサービス,ダイワボウ情報システム,2016/9/20,8,2016/9月売上済み。E/Uは沖電気工業。,受注
物流,シーネットコネクトサービス,三共貨物自動車株式会社,2017/6/30,8,当初2016年中の発注予定であったが、年内予算が取れず延期状態との事。,継続
物流,シーネットコネクトサービス,ヤマトロジスティクス,2017/12/30,8,他製品（PC増設）も有り予算捻出に手間取っている状況下との事。引き続きフォロー,継続
物流,シーネットコネクトサービス,株式会社シーアンドエーソリューション,2017/6/30,8,画像取得ｼｽﾃﾑで1台検証用で購入。シーアンドエーソリューションのクライアントから案件発生毎に受注予定。,継続
物流,シーネットコネクトサービス,コーデンシ株式会社,2017/6/30,8,競合：ｷｰｴﾝｽBT-W85OCRﾓﾃﾞﾙ　ﾗﾍﾞﾙ中のLOT.No等の読取で検討されているが。BT-W85で読める文字が。Solomonでは読めない状況がある。精度が上がれば遥かにPM200が安いので、競り勝ちの要素は高くなる見込み。,継続
物流,シーネットコネクトサービス,提案中,2017/12/30,8,賞味期限読取にてシーネット音声システムと連携で現在評価中。初年度30台程度見込み。,継続
物流,インフォセンス株式会社,HAVI関西DC,2016/7/5,8,2016/7月売上済み。HAVI関西DC　ﾌｫｰｸﾘﾌﾄ据付車載端末として利用。,受注
物流,インフォセンス株式会社,HAVI関西DC,2016/7/5,8,2016/7月売上済み。常温倉庫でH/TにWaveＬｉｎｋを搭載し利用。,受注
物流,インフォセンス株式会社,HAVI関西DC,2016/7/5,8,2016/7月売上済み。冷凍倉庫内でH/TにWaveＬｉｎｋを搭載し利用。,受注
小売,日本通信紙㈱,サンドラック,2017/5/30,8,パイロット店として2台購入済。必要店舗毎に随時発注予定。,受注
小売,日本通信紙㈱,カクヤス酒店,2017/10/1,8,3店舗分として３ｾｯﾄ購入済。必要店舗毎に随時発注予定。,継続
小売,日本通信紙㈱,東芝テック,2017/6/30,8,東芝テック西日本（主に九州地区）インバウンド案件の全体年間ボリューム数。随時案件。,継続
小売,日本通信紙㈱,日本貨物検数協会,2017/6/30,8,現在セールス展開中,継続
小売,BookSuperSolution㈱,関西エリア書店,2017/4/30,8,現在セールス展開中。5100用PGは開発済であるが最終レビュー必要。,継続
小売,BookSuperSolution㈱,関西エリア書店,2017/4/30,8,現在セールス展開中,継続
小売,BookSuperSolution㈱,関西エリア書店,2017/4/30,8,現在セールス展開中,継続
小売,BookSuperSolution㈱,関西エリア書店,2017/4/30,8,現在セールス展開中,継続
FA,コムベックス（株）,沖電気工業（本庄工場）,2017/6/30,8,NTTからのODM：ﾎｰﾑｹﾞｰﾄｳｴｲ及びｽﾏｰﾄﾒｰﾀ接続用ｽｷｬﾅｰとして1900導入。,継続
医療,コムベックス（株）,株式会社エーアンド・ディ,2017/12/30,8,電子天秤環境アナライザー機器接続ｽｷｬﾅｰ案件。予定よりずれ込み2016～17にﾘﾘｰｽ予定。,継続
FA,コムベックス（株）,㈱ファインテック,2017/9/30,8,産業用ロボットなど精密機械の工程管理指示表内のQR読取。,継続
FA,コムベックス（株）,㈱ファインテック,2017/12/30,8,本年度に入り44台販売済み。LEDチェッカーのオプション販売となるので定期的な購入。3320ｇへ切替。,継続
FA,コムベックス（株）,三菱電機株式会社群馬製作所,2017/9/30,8,ヒートポンプ式電気給湯機の工程管理。進捗ｶｰﾄﾞの読取で利用。,継続
FA,コムベックス（株）,テイ・エス テック株式会社,2017/6/30,8,競合：GRYPHON　L-U USB　自社製品の部品の管理及び製品出荷・梱包に於ける異混入チェックで検討中。,継続
FA,コムベックス（株）,日本化薬様高崎工場,2017/9/30,8,ムナゾウ製品はバリデーションが出来ないということにより、ユーザーがバリデーションの出来る製品を探している。,継続
FA,コムベックス（株）東京,東洋計測器　株式会社,2016/12/7,8,2016/12/7売上・ルネサス那珂に導入。2017～2018にかけて追加案件の打診あり。,継続
FA,㈱データビジネスメーション,㈱ディーソル,2016/12/13,8,2016/12と17/1月に売上。㈱ディーソル及びオーイ－エムサプライ工業2社に対し合計2台販売。,継続
その他,ソフトバンクC＆S,三菱電機インフォメーションシステムズ株式会社,2018/3/30,8,入札案件。来期ではあるが競合有りに付フォロー。,継続
その他,イーサポートリンク㈱,ﾌｨﾘﾋﾟﾝ農産市場,2017/12/30,8,ﾌｨﾘﾋﾟﾝ農産市場　売上管理ｼｽﾃﾑ。前回とは異なる市場での案件。,継続
その他,イーサポートリンク㈱,ﾌｨﾘﾋﾟﾝ農産市場,2017/12/30,8,状況如何ではﾌｨﾘﾋﾟﾝ代理店と農産市場とで直接販売とし、ﾊﾞｯｸﾏｰｼﾞﾝ契約も念頭に置き活動予定。,継続
FA,塩田電線(ｼｵﾀﾞｼｽﾃﾑｻｰﾋﾞｽ）,ｺｶｺｰﾗｲｰｽﾄｼﾞｬﾊﾟﾝ,2017/12/30,8,投入防止/容器チェックアプリ　15工場×5ﾗｲﾝ　60箇所目標。1ﾗｲﾝ3台予定。現在予算稟議中,継続
FA,サクラ精機株式会社,サクラ精機株式会社,2017/12/30,8,同社検体検査機器に接続の2Dｽｷｬﾅｰとして1900を採用。試験導入として本年度50台程度見込み,継続
小売,ﾃｸﾉﾗｲｸｽ株式会社（ｸﾗｳﾄﾞﾜﾝ）,インバウンド免税店,2017/12/30,8,全国の流通業/アパレルなどの免税カウンターで処理を行える様提案中。Tm-m30は青木さんから購入,継続
その他,コプロシステム株式会社,㈱ムラヤマ,2016/7/5,8,2016/7月受注済みの来場管理ｼｽﾃﾑﾚﾝﾀﾙ案件。現在は宮地さんへ全面的に引継。,継続
その他,兼松コミュニケーションズ株式会社 ,三菱電機インフォメーションシステムズ,2017/8/30,8,三菱電機インフォメーションシステムズ増設案件。　iPhone6とのｾｯﾄで入出庫管理にて利用。ダイヤモンドテレコム合併により案件引継。,継続
その他,東芝テック株式会社,兼松コミュニケーションズ株式会社 ,2017/6/30,8,兼松自社経営の各キャリアメーカーショップでの電話契約書内の項目毎の番号読取で検討中。（導入効果次第で、全国展開有り）,継続
小売,東芝テック株式会社,ゲオホールディング案件,2017/3/31,8,失注。競合ユニテックMS916他も含め検討をしていたが、カードリーダーや、レシートプリンタの購入が優先され結果的には予算オーバーとなりＢｌｕｔｏｏｔｈｽｷｬﾅｰ自体の採用は見合わせた形となった。,失注
物流,東芝テック株式会社,リバークレイン,2016/10/7,8,2016/10売上済み。バイク用品オンラインショップ店：部品等の入出庫管理に採用,受注
FA,東芝テック株式会社,千代田組,2017/12/30,8,E/Uは椿本チエイン　現状LS2208を年100台～200台購入。現在交渉中。,継続
物流,東芝テック株式会社,リコージャパン,2017/9/30,8,物流センター向け案件でバックヤードの入出庫で定置式スキャナを検討中。,継続
FA,株式会社エーピークラフト,エクセルホールディング,2017/6/30,8,2台評価機は導入済み。日本/ﾁｪｺ/US/中国/ﾀｲ各20台　合計100台ｾｯﾄ見込み。予算の兼ね合いで延期状態。5100EOL予定に付場合によってはPM200へ提案を切替予定。,継続
その他,株式会社エーピークラフト,株式会社シオザワ,2017/6/30,8,部署により2機種提案。PM200は倉庫内での紙製品の商品管理・販売先管理で検討,継続
その他,株式会社エーピークラフト,株式会社シオザワ,2017/6/30,8,ドライバーに持たせSIMを利用し、ﾄﾚｰｻﾋﾞﾘﾃｨを行う用途。現状ZEBRAの廃盤機種を使っているが、そのﾘﾌﾟﾚｰｽで提案。,継続
FA,株式会社エーピークラフト,㈱イセトー,2017/3/31,8,イセトー製作のクオカードの背面のNo読取及び各種専用伝票記載の管理No読取で検討を頂いたが、認識率が悪く（英字は50％程度）不採用となった。しかしながら、ピンポイント活用で再検討中,継続
その他,ティアックオンキヨーソリューションズ株式会社,㈱武蔵野　,2017/8/30,8,㈱武蔵野でｾﾐﾅｰ受付ｶﾝﾀｰでｉPodtouchを用い来場者管理をしている。現状25台利用。増設予定あり,継続
FA,ティアックオンキヨーソリューションズ株式会社,友晃電機株式会社,2017/6/30,8,競合：DENSO　BHT-800/キーエンスBT-1000　用途： 部品メーカーへ発注済分の入荷検品業務で検討中。,継続
小売,ティアックオンキヨーソリューションズ株式会社,株式会社ダスキン,2017/12/30,8,清掃用具持ち出し管理で検討中。RF-IDによる管理も同時検討しているが、予算の関係上ﾊﾞｰｺｰﾄﾞ管理の可能性大。,継続
医療,ティアックオンキヨーソリューションズ株式会社,㈱アストロステージ,2017/6/30,8,競合W/D社MODEL 1660　四日市羽津医療センター案件　2016/９月に11台成約　MAX40台程度のﾎﾞﾘｭｰﾑとの事で、追加発注予定あり。,継続
医療,ティアックオンキヨーソリューションズ株式会社,SOMPOケアネクスト株式会社,2017/12/30,8,介護施設に於ける消耗品の管理又は薬品管理で2DBluetoothﾃﾞﾊﾞｲｽを検討中。,継続
FA,ｴｽ･ｴｽ･ｱﾝﾄﾞ･ﾃｨ,㈱大里,2017/12/30,8,DENSO　BHT-300利用中。部品の入庫、商品の出庫、在庫管理、棚卸の各処理にてH/Tを利用。商品老朽化に伴い新機種を検討中。,継続
小売,ｴｽ･ｴｽ･ｱﾝﾄﾞ･ﾃｨ,サイバーリンクス,2017/6/30,8,インバウンド。免税システムにpassport読取でセット販売。年間100台想定。,継続
小売,ｴｽ･ｴｽ･ｱﾝﾄﾞ･ﾃｨ,サイバーリンクス,2017/12/30,8,現在提案中。Passport読みでﾀﾌﾞﾚｯﾄへﾃﾞｰﾀ転送しAPで処理。,継続
その他,ｴｽ･ｴｽ･ｱﾝﾄﾞ･ﾃｨ,新宿ソフト,2017/12/31,8,競合：ZEBRALS220・デジテックDHT-112S　1450-1Dを現在提案中。ﾘﾌﾟﾚｰｽの際に随時。年間予測台数として50台,継続
その他,ｴｽ･ｴｽ･ｱﾝﾄﾞ･ﾃｨ,よみうりコンピュータ,2017/12/31,8,集金処理ｼｽﾃﾑで利用中。追加案件見込み,継続
FA,共同印刷株式会社,自社工場利用,2017/6/30,8,川島工場　SC 7課1科　折原様からの引き合い。現在予算稟議中。,継続
FA,共同印刷株式会社,自社工場利用,2017/6/30,8,川島工場　横江様からの引き合い。現在予算稟議中。,継続
小売,寺岡精工,提案中,2017/3/24,10,確定案件 3/21頃受注予定,継続
小売,寺岡精工,提案中,2017/3/31,10,確定案件 3/21頃受注予定,継続
小売,寺岡精工,提案中,2017/3/31,10,確定案件 3/21頃受注予定,継続
物流,寺岡精工,提案中,2017/3/31,10,確定案件 3/21頃受注予定,継続
小売,寺岡精工,提案中,2017/9/29,10,POS接続でバックヤード製品も読み取る。1D専用(1202g)になる可能性もあり。,継続
